rank,code,name,country,birthdate
1,JannikSinner,Jannik Sinner,ITA,2001-08-16
2,AlexanderZverev,Alexander Zverev,GER,1997-04-20
3,CarlosAlcaraz,Carlos Alcaraz,ESP,2003-05-05
4,BenShelton,Ben Shelton,USA,2002-10-09
5,FelixAugerAliassime,Felix Auger Aliassime,CAN,2000-08-08
6,DaniilMedvedev,Daniil Medvedev,RUS,1996-02-11
7,FlavioCobolli,Flavio Cobolli,ITA,2002-05-06
8,FrancesTiafoe,Frances Tiafoe,USA,1998-01-20
9,ArthurFils,Arthur Fils,FRA,2004-06-12
10,AlexDeMinaur,Alex De Minaur,AUS,1999-02-17
11,NovakDjokovic,Novak Djokovic,SRB,1987-05-22
12,TaylorFritz,Taylor Fritz,USA,1997-10-28
13,RafaelJodar,Rafael Jodar,ESP,2006-09-17
14,JakubMensik,Jakub Mensik,CZE,2005-09-01
15,LearnerTien,Learner Tien,USA,2005-12-02
16,TommyPaul,Tommy Paul,USA,1997-05-17
17,BrandonNakashima,Brandon Nakashima,USA,2001-08-03
18,ValentinVacherot,Valentin Vacherot,MON,1998-11-16
19,LucianoDarderi,Luciano Darderi,ITA,2002-02-14
20,AlexanderBublik,Alexander Bublik,KAZ,1997-06-17
21,CasperRuud,Casper Ruud,NOR,1998-12-22
22,FranciscoCerundolo,Francisco Cerundolo,ARG,1998-08-13
23,JiriLehecka,Jiri Lehecka,CZE,2001-11-08
24,AndreyRublev,Andrey Rublev,RUS,1997-10-20
25,LorenzoMusetti,Lorenzo Musetti,ITA,2002-03-03
26,AlejandroDavidovichFokina,Alejandro Davidovich Fokina,ESP,1999-06-05
27,KarenKhachanov,Karen Khachanov,RUS,1996-05-21
28,AlexanderBlockx,Alexander Blockx,BEL,2005-04-08
29,JoaoFonseca,Joao Fonseca,BRA,2006-08-21
30,TomasMartinEtcheverry,Tomas Martin Etcheverry,ARG,1999-07-18
31,AlejandroTabilo,Alejandro Tabilo,CHI,1997-06-02
32,UgoHumbert,Ugo Humbert,FRA,1998-06-26
33,ArthurRinderknech,Arthur Rinderknech,FRA,1995-07-23
34,AlexMichelsen,Alex Michelsen,USA,2004-08-25
35,IgnacioBuse,Ignacio Buse,PER,2004-03-25
36,ArthurFery,Arthur Fery,GBR,2002-07-12
37,MatteoArnaldi,Matteo Arnaldi,ITA,2001-02-22
38,ZizouBergs,Zizou Bergs,BEL,1999-06-03
39,HubertHurkacz,Hubert Hurkacz,POL,1997-02-11
40,CameronNorrie,Cameron Norrie,GBR,1995-08-23
41,BoticVanDeZandschulp,Botic Van De Zandschulp,NED,1995-10-04
42,DanielMeridaAguilar,Daniel Merida Aguilar,ESP,2004-09-26
43,LucaVanAssche,Luca Van Assche,FRA,2004-05-11
44,StefanosTsitsipas,Stefanos Tsitsipas,GRE,1998-08-12
45,MarianoNavone,Mariano Navone,ARG,2001-02-27
46,DenisShapovalov,Denis Shapovalov,CAN,1999-04-15
47,MatteoBerrettini,Matteo Berrettini,ITA,1996-04-12
48,RaphaelCollignon,Raphael Collignon,BEL,2002-01-13
49,NunoBorges,Nuno Borges,POR,1997-02-19
50,QuentinHalys,Quentin Halys,FRA,1996-10-26
51,SebastianBaez,Sebastian Baez,ARG,2000-12-28
52,ThiagoAgustinTirante,Thiago Agustin Tirante,ARG,2001-04-10
53,JuanManuelCerundolo,Juan Manuel Cerundolo,ARG,2001-11-15
54,YannickHanfmann,Yannick Hanfmann,GER,1991-11-13
55,TallonGriekspoor,Tallon Griekspoor,NED,1996-07-02
56,AdolfoDanielVallejo,Adolfo Daniel Vallejo,PAR,2004-04-28
57,MiomirKecmanovic,Miomir Kecmanovic,SRB,1999-08-31
58,ArthurGea,Arthur Gea,FRA,2005-01-02
59,JanLennardStruff,Jan Lennard Struff,GER,1990-04-25
60,RomanAndresBurruchaga,Roman Andres Burruchaga,ARG,2002-01-23
61,JaimeFaria,Jaime Faria,POR,2003-08-06
62,FabianMarozsan,Fabian Marozsan,HUN,1999-10-08
63,JamesDuckworth,James Duckworth,AUS,1992-01-21
64,JaumeMunar,Jaume Munar,ESP,1997-05-05
65,EthanQuinn,Ethan Quinn,USA,2004-03-12
66,PabloCarrenoBusta,Pablo Carreno Busta,ESP,1991-07-12
67,DanielAltmaier,Daniel Altmaier,GER,1998-09-12
68,VitKopriva,Vit Kopriva,CZE,1997-06-15
69,FacundoDiazAcosta,Facundo Diaz Acosta,ARG,2000-12-15
70,CorentinMoutet,Corentin Moutet,FRA,1999-04-19
71,KamilMajchrzak,Kamil Majchrzak,POL,1996-01-13
72,TitouanDroguet,Titouan Droguet,FRA,2001-06-15
73,MartinLandaluce,Martin Landaluce,ESP,2006-01-08
74,SebastianKorda,Sebastian Korda,USA,2000-07-05
75,TomasMachac,Tomas Machac,CZE,2000-10-13
76,CamiloUgoCarabelli,Camilo Ugo Carabelli,ARG,1999-06-17
77,HamadMedjedovic,Hamad Medjedovic,SRB,2003-07-18
78,MarinCilic,Marin Cilic,CRO,1988-09-28
79,AleksandarKovacevic,Aleksandar Kovacevic,USA,1998-08-29
80,ZacharySvajda,Zachary Svajda,USA,2002-11-29
81,AdrianMannarino,Adrian Mannarino,FRA,1988-06-29
82,RinkyHijikata,Rinky Hijikata,AUS,2001-02-23
83,LorenzoSonego,Lorenzo Sonego,ITA,1995-05-11
84,RomanSafiullin,Roman Safiullin,RUS,1997-08-07
85,MarcosGiron,Marcos Giron,USA,1993-07-24
86,KyrianJacquet,Kyrian Jacquet,FRA,2001-05-11
87,HugoGaston,Hugo Gaston,FRA,2000-09-26
88,MarcoTrungelliti,Marco Trungelliti,ARG,1990-01-31
89,JanChoinski,Jan Choinski,GBR,1996-06-10
90,BenjaminBonzi,Benjamin Bonzi,FRA,1996-06-09
91,MattiaBellucci,Mattia Bellucci,ITA,2001-06-01
92,MichaelZheng,Michael Zheng,USA,2004-01-27
93,JesperDeJong,Jesper De Jong,NED,2000-05-31
94,JacobFearnley,Jacob Fearnley,GBR,2001-07-15
95,DinoPrizmic,Dino Prizmic,CRO,2005-08-05
96,AlexMolcan,Alex Molcan,SVK,1997-12-01
97,AdamWalton,Adam Walton,AUS,1999-04-17
98,TobySamuel,Toby Samuel,GBR,2002-09-06
99,TerenceAtmane,Terence Atmane,FRA,2002-01-09
100,ColemanWong,Coleman Wong,HKG,2004-06-06
101,JensonBrooksby,Jenson Brooksby,USA,2000-10-26
102,DamirDzumhur,Damir Dzumhur,BIH,1992-05-20
103,MartinDamm,Martin Damm,USA,2003-09-30
104,BuYunchaokete,Bu Yunchaokete,CHN,2002-01-19
105,ValentinRoyer,Valentin Royer,FRA,2001-05-29
106,OttoVirtanen,Otto Virtanen,FIN,2001-06-21
107,GiovanniMpetshiPerricard,Giovanni Mpetshi Perricard,FRA,2003-07-08
108,ShoShimabukuro,Sho Shimabukuro,JPN,1997-07-30
109,AlexanderShevchenko,Alexander Shevchenko,KAZ,2000-11-29
110,DaneSweeny,Dane Sweeny,AUS,2001-02-12
111,YibingWu,Yibing Wu,CHN,1999-10-14
112,AleksandarVukic,Aleksandar Vukic,AUS,1996-04-06
113,ZsomborPiros,Zsombor Piros,HUN,1999-10-13
114,ChristopherOconnell,Christopher Oconnell,AUS,1994-06-03
115,PatrickKypson,Patrick Kypson,USA,1999-10-28
116,NicolasMejia,Nicolas Mejia,COL,2000-02-11
117,SebastianOfner,Sebastian Ofner,AUT,1996-05-12
118,GabrielDiallo,Gabriel Diallo,CAN,2001-09-24
119,EmilioNava,Emilio Nava,USA,2001-12-02
120,ShintaroMochizuki,Shintaro Mochizuki,JPN,2003-06-02
121,NikolozBasilashvili,Nikoloz Basilashvili,GEO,1992-02-23
122,GustavoHeide,Gustavo Heide,BRA,2002-02-28
123,FranciscoComesana,Francisco Comesana,ARG,2000-10-06
124,DaliborSvrcina,Dalibor Svrcina,CZE,2002-10-02
125,LloydHarris,Lloyd Harris,RSA,1997-02-24
126,GrigorDimitrov,Grigor Dimitrov,BUL,1991-05-16
127,HenriqueRocha,Henrique Rocha,POR,2004-04-06
128,HugoDellien,Hugo Dellien,BOL,1993-06-16
129,AlexeiPopyrin,Alexei Popyrin,AUS,1999-08-05
130,PedroMartinez,Pedro Martinez,ESP,1997-04-26
131,CristianGarin,Cristian Garin,CHI,1996-05-30
132,AlexandreMuller,Alexandre Muller,FRA,1997-02-01
133,MartonFucsovics,Marton Fucsovics,HUN,1992-02-08
134,StefanosSakellaridis,Stefanos Sakellaridis,GRE,2004-09-13
135,TomasBarriosVera,Tomas Barrios Vera,CHI,1997-12-10
136,ThiagoSeybothWild,Thiago Seyboth Wild,BRA,2000-03-10
137,ReiSakamoto,Rei Sakamoto,JPN,2006-06-24
138,MaxAlcalaGurri,Max Alcala Gurri,ESP,2002-09-11
139,NisheshBasavareddy,Nishesh Basavareddy,USA,2005-05-02
140,JurijRodionov,Jurij Rodionov,AUT,1999-05-16
141,ViliusGaubas,Vilius Gaubas,LTU,2004-12-29
142,StanWawrinka,Stan Wawrinka,SUI,1985-03-28
143,EliotSpizzirri,Eliot Spizzirri,USA,2001-12-23
144,PabloLlamasRuiz,Pablo Llamas Ruiz,ESP,2002-10-13
145,AndreaPellegrino,Andrea Pellegrino,ITA,1997-03-23
146,DusanLajovic,Dusan Lajovic,SRB,1990-06-30
147,MarkLajal,Mark Lajal,EST,2003-05-12
148,BornaGojo,Borna Gojo,CRO,1998-02-27
149,MichaelMmoh,Michael Mmoh,USA,1998-01-10
150,FedericoCina,Federico Cina,ITA,2007-03-30
151,ChrisRodesch,Chris Rodesch,LUX,2001-07-18
152,IliaSimakin,Ilia Simakin,RUS,2003-10-27
153,TristanSchoolkate,Tristan Schoolkate,AUS,2001-02-26
154,NicolaiBudkovKjaer,Nicolai Budkov Kjaer,NOR,2006-09-01
155,ReillyOpelka,Reilly Opelka,USA,1997-08-28
156,NikolasSanchezIzquierdo,Nikolas Sanchez Izquierdo,ESP,1999-03-15
157,JackDraper,Jack Draper,GBR,2001-12-22
158,SoonWooKwon,Soon Woo Kwon,KOR,1997-12-02
159,JuanCarlosPradoAngelo,Juan Carlos Prado Angelo,BOL,2005-03-06
160,ClementTabur,Clement Tabur,FRA,2000-01-24
161,MarcoCecchinato,Marco Cecchinato,ITA,1992-09-30
162,TomGentzsch,Tom Gentzsch,GER,2003-09-05
163,DarwinBlanch,Darwin Blanch,USA,2007-09-28
164,AndreaGuerrieri,Andrea Guerrieri,ITA,1998-12-03
165,ZhizhenZhang,Zhizhen Zhang,CHN,1996-10-16
166,LukaMikrut,Luka Mikrut,CRO,2004-04-16
167,MackenzieMcdonald,Mackenzie Mcdonald,USA,1995-04-16
168,FrancescoMaestrelli,Francesco Maestrelli,ITA,2002-12-21
169,GauthierOnclin,Gauthier Onclin,BEL,2001-02-26
170,StefanoTravaglia,Stefano Travaglia,ITA,1991-12-28
171,MatejDodig,Matej Dodig,CRO,2005-07-19
172,TaroDaniel,Taro Daniel,JPN,1993-01-27
173,DaniilGlinka,Daniil Glinka,EST,2000-05-12
174,LukasNeumayer,Lukas Neumayer,AUT,2002-09-06
175,ElmerMoller,Elmer Moller,DEN,2003-07-09
176,GonzaloBueno,Gonzalo Bueno,PER,2004-04-03
177,ClementChidekh,Clement Chidekh,FRA,2001-06-13
178,HarryWendelken,Harry Wendelken,GBR,2001-12-18
179,VitaliySachko,Vitaliy Sachko,UKR,1997-07-14
180,AlexisGalarneau,Alexis Galarneau,CAN,1999-03-02
181,LasloDjere,Laslo Djere,SRB,1995-06-02
182,PavelKotov,Pavel Kotov,RUS,1998-11-18
183,AlexBolt,Alex Bolt,AUS,1993-01-05
184,BernardTomic,Bernard Tomic,AUS,1992-10-21
185,JoelSchwaerzler,Joel Schwaerzler,AUT,2006-01-27
186,DiegoDeduraPalomero,Diego Dedura Palomero,GER,2008-03-12
187,JanKumstat,Jan Kumstat,CZE,2007-01-02
188,HolgerRune,Holger Rune,DEN,2003-04-29
189,ZdenekKolar,Zdenek Kolar,CZE,1996-10-09
190,FacundoMena,Facundo Mena,ARG,1992-09-22
191,HaroldMayot,Harold Mayot,FRA,2002-02-04
192,EliasYmer,Elias Ymer,SWE,1996-04-10
193,JuanPabloVarillas,Juan Pablo Varillas,PER,1995-10-06
194,MoiseKouame,Moise Kouame,FRA,2009-03-06
195,AndreIlagan,Andre Ilagan,USA,2000-11-16
196,FedericoAgustinGomez,Federico Agustin Gomez,ARG,1996-11-26
197,JackPinningtonJones,Jack Pinnington Jones,GBR,2003-03-30
198,FelixBalshaw,Felix Balshaw,FRA,2006-06-15
199,KeeganSmith,Keegan Smith,USA,1998-06-23
200,LautaroMidon,Lautaro Midon,ARG,2004-03-29
201,ArthurCazaux,Arthur Cazaux,FRA,2002-08-23
202,TristanBoyer,Tristan Boyer,USA,2001-04-21
203,EdasButvilas,Edas Butvilas,LTU,2004-07-23
204,TimofeySkatov,Timofey Skatov,KAZ,2001-01-21
205,LukaPavlovic,Luka Pavlovic,FRA,2000-03-30
206,AndresAndrade,Andres Andrade,ECU,1998-12-14
207,BradenShick,Braden Shick,USA,2003-10-24
208,LiamBroady,Liam Broady,GBR,1994-01-04
209,PolMartinTiffon,Pol Martin Tiffon,ESP,1999-07-30
210,LorenzoGiustino,Lorenzo Giustino,ITA,1991-09-10
211,ColtonSmith,Colton Smith,USA,2003-03-05
212,DavidJordaSanchis,David Jorda Sanchis,ESP,1994-06-14
213,MaximMrva,Maxim Mrva,CZE,2007-08-02
214,YoshihitoNishioka,Yoshihito Nishioka,JPN,1995-09-27
215,LiamDraxl,Liam Draxl,CAN,2001-12-05
216,RioNoguchi,Rio Noguchi,JPN,1998-12-28
217,FelixGill,Felix Gill,GBR,2002-06-01
218,SaschaGueymardWayenburg,Sascha Gueymard Wayenburg,FRA,2003-08-01
219,JJWolf,J J Wolf,USA,1998-12-21
220,AlexBarrena,Alex Barrena,ARG,2002-10-10
221,ChunHsinTseng,Chun Hsin Tseng,TPE,2001-08-08
222,GianlucaCadenasso,Gianluca Cadenasso,ITA,2004-09-29
223,MaxHoukes,Max Houkes,NED,2000-07-03
224,HenrySearle,Henry Searle,GBR,2006-03-29
225,FrancescoPassaro,Francesco Passaro,ITA,2001-01-07
226,RemyBertola,Remy Bertola,SUI,1998-08-31
227,RaulBrancaccio,Raul Brancaccio,ITA,1997-05-04
228,InakiMontesDeLaTorre,Inaki Montes De La Torre,ESP,2002-10-03
229,KimmerCoppejans,Kimmer Coppejans,BEL,1994-02-07
230,AlejandroMoroCanas,Alejandro Moro Canas,ESP,2000-12-07
231,JoaoLucasReisDaSilva,Joao Lucas Reis Da Silva,BRA,2000-03-26
232,ThiagoMonteiro,Thiago Monteiro,BRA,1994-05-31
233,IlyaIvashka,Ilya Ivashka,BLR,1994-02-24
234,MaksKasnikowski,Maks Kasnikowski,POL,2003-07-06
235,MarvinMoeller,Marvin Moeller,GER,1999-01-18
236,JayClarke,Jay Clarke,GBR,1998-07-27
237,BillyHarris,Billy Harris,GBR,1995-01-25
238,MaratSharipov,Marat Sharipov,RUS,2002-10-09
239,GuidoIvanJusto,Guido Ivan Justo,ARG,1997-12-17
240,RobertoBautistaAgut,Roberto Bautista Agut,ESP,1988-04-14
241,AndrejNedic,Andrej Nedic,BIH,2004-10-16
242,HenriSquire,Henri Squire,GER,2000-09-27
243,HayatoMatsuoka,Hayato Matsuoka,JPN,2005-01-15
244,MaxBasing,Max Basing,GBR,2002-10-02
245,AugustHolmgren,August Holmgren,DEN,1998-04-22
246,LeandroRiedi,Leandro Riedi,SUI,2002-01-27
247,LucaNardi,Luca Nardi,ITA,2003-08-06
248,MatiasSoto,Matias Soto,CHI,1999-04-27
249,SumitNagal,Sumit Nagal,IND,1997-08-16
250,JunchengShang,Juncheng Shang,CHN,2005-02-02
251,GaelMonfils,Gael Monfils,FRA,1986-09-01
252,RobertoCarballesBaena,Roberto Carballes Baena,ESP,1993-03-23
253,JamesMccabe,James Mccabe,AUS,2003-07-05
254,MartinKrumich,Martin Krumich,CZE,2002-12-26
255,JayDylanHaraFriend,Jay Dylan Hara Friend,JPN,2003-12-22
256,MikaBrunold,Mika Brunold,SUI,2004-10-02
257,DanielRincon,Daniel Rincon,ESP,2003-01-07
258,FredericoFerreiraSilva,Frederico Ferreira Silva,POR,1995-03-18
259,FrancoRoncadelli,Franco Roncadelli,URU,2000-02-06
260,RodrigoPachecoMendez,Rodrigo Pacheco Mendez,MEX,2005-04-25
261,CharlesBroom,Charles Broom,GBR,1998-04-24
262,PedroBoscardinDias,Pedro Boscardin Dias,BRA,2003-01-28
263,KilianFeldbausch,Kilian Feldbausch,SUI,2005-09-07
264,DominicStricker,Dominic Stricker,SUI,2002-08-16
265,BuvaysarGadamauri,Buvaysar Gadamauri,BEL,2000-07-10
266,PhilipHenning,Philip Henning,RSA,2000-11-10
267,MatteoMartineau,Matteo Martineau,FRA,1999-01-16
268,MurphyCassone,Murphy Cassone,USA,2002-08-16
269,IgorRibeiroMarcondes,Igor Ribeiro Marcondes,BRA,1997-06-16
270,MatheusPucinelliDeAlmeida,Matheus Pucinelli De Almeida,BRA,2001-04-01
271,MarcAndreaHuesler,Marc Andrea Huesler,SUI,1996-06-24
272,CezarCretu,Cezar Cretu,ROU,2001-04-24
273,YiZhou,Yi Zhou,CHN,2005-03-14
274,MaxHansRehberg,Max Hans Rehberg,GER,2003-09-13
275,NickHardt,Nick Hardt,DOM,2000-09-20
276,JuanBautistaTorres,Juan Bautista Torres,ARG,2002-04-02
277,MicheleRibecai,Michele Ribecai,ITA,2003-02-04
278,MatthewDellavedova,Matthew Dellavedova,AUS,2000-05-30
279,StefanoNapolitano,Stefano Napolitano,ITA,1995-04-11
280,JuanManuelLaSerna,Juan Manuel La Serna,ARG,2004-02-05
281,PetrBarBiryukov,Petr Bar Biryukov,RUS,2002-02-28
282,DanielMichalski,Daniel Michalski,POL,2000-01-11
283,HynekBarton,Hynek Barton,CZE,2004-04-05
284,HugoGrenier,Hugo Grenier,FRA,1996-03-23
285,FilipCristianJianu,Filip Cristian Jianu,ROU,2001-09-18
286,JeromeKym,Jerome Kym,SUI,2003-02-12
287,AlastairGray,Alastair Gray,GBR,1998-06-22
288,MaxSchoenhaus,Max Schoenhaus,GER,2007-08-01
289,SergeyFomin,Sergey Fomin,UZB,2001-02-01
290,CarlEmilOverbeck,Carl Emil Overbeck,DEN,2001-08-11
291,GenaroAlbertoOlivieri,Genaro Alberto Olivieri,ARG,1998-08-04
292,PierreHuguesHerbert,Pierre Hugues Herbert,FRA,1991-03-18
293,MiliPoljicak,Mili Poljicak,CRO,2004-07-13
294,StefanKozlov,Stefan Kozlov,USA,1998-02-01
295,YuHsiouHsu,Yu Hsiou Hsu,TPE,1999-04-02
296,JohannusMonday,Johannus Monday,GBR,2002-01-22
297,RaphaelPerot,Raphael Perot,FRA,2001-06-30
298,FlorentBax,Florent Bax,FRA,1999-06-16
299,FajingSun,Fajing Sun,CHN,1996-10-03
300,OliverCrawford,Oliver Crawford,GBR,1999-04-30
