Tour;Weeks;Surface;Filter;ReferenceMatches;ReferenceA%;ReferencevA%;StartDate;EndDate
ATP;26;All;ATP;2324;7,9867;7,9867;2026-04-02;2026-10-01
ATP;26;All;ALL;3288;7,4255;7,4255;2026-04-02;2026-10-01
ATP;26;Hard;ATP;862;8,6126;8,6126;2026-04-02;2026-10-01
ATP;26;Hard;ALL;1138;8,3575;8,3575;2026-04-02;2026-10-01
ATP;26;Clay;ATP;922;5,8502;5,8502;2026-04-02;2026-10-01
ATP;26;Clay;ALL;1506;5,3983;5,3983;2026-04-02;2026-10-01
ATP;26;Grass;ATP;540;9,8805;9,8805;2026-04-02;2026-10-01
ATP;26;Grass;ALL;644;9,7321;9,7321;2026-04-02;2026-10-01
ATP;52;All;ATP;4258;8,6969;8,6969;2025-10-02;2026-10-01
ATP;52;All;ALL;6144;8,001;8,001;2025-10-02;2026-10-01
ATP;52;Hard;ATP;2514;9,6646;9,6646;2025-10-02;2026-10-01
ATP;52;Hard;ALL;3436;9,1904;9,1904;2025-10-02;2026-10-01
ATP;52;Clay;ATP;1204;5,7615;5,7615;2025-10-02;2026-10-01
ATP;52;Clay;ALL;2064;5,2002;5,2002;2025-10-02;2026-10-01
ATP;52;Grass;ATP;540;9,8805;9,8805;2025-10-02;2026-10-01
ATP;52;Grass;ALL;644;9,7321;9,7321;2025-10-02;2026-10-01
ATP;104;All;ATP;8160;8,4793;8,4793;2024-10-03;2026-10-01
ATP;104;All;ALL;11854;7,7877;7,7877;2024-10-03;2026-10-01
ATP;104;Hard;ATP;4828;9,4735;9,4735;2024-10-03;2026-10-01
ATP;104;Hard;ALL;6578;9,0113;9,0113;2024-10-03;2026-10-01
ATP;104;Clay;ATP;2352;5,6509;5,6509;2024-10-03;2026-10-01
ATP;104;Clay;ALL;4110;5,0908;5,0908;2024-10-03;2026-10-01
ATP;104;Grass;ATP;980;9,8178;9,8178;2024-10-03;2026-10-01
ATP;104;Grass;ALL;1166;9,7248;9,7248;2024-10-03;2026-10-01
WTA;26;All;WTA;1692;4,4513;4,4513;2026-04-02;2026-10-01
WTA;26;All;ALL;3182;3,7105;3,7105;2026-04-02;2026-10-01
WTA;26;Hard;WTA;808;4,5187;4,5187;2026-04-02;2026-10-01
WTA;26;Hard;ALL;1240;4,058;4,058;2026-04-02;2026-10-01
WTA;26;Clay;WTA;504;3,7106;3,7106;2026-04-02;2026-10-01
WTA;26;Clay;ALL;1318;2,7827;2,7827;2026-04-02;2026-10-01
WTA;26;Grass;WTA;380;5,2891;5,2891;2026-04-02;2026-10-01
WTA;26;Grass;ALL;624;5,0005;5,0005;2026-04-02;2026-10-01
WTA;52;All;WTA;3034;4,4227;4,4227;2025-10-02;2026-10-01
WTA;52;All;ALL;5993;3,7627;3,7628;2025-10-02;2026-10-01
WTA;52;Hard;WTA;2060;4,5053;4,5053;2025-10-02;2026-10-01
WTA;52;Hard;ALL;3642;4,1312;4,1312;2025-10-02;2026-10-01
WTA;52;Clay;WTA;594;3,5862;3,5862;2025-10-02;2026-10-01
WTA;52;Clay;ALL;1722;2,5479;2,5479;2025-10-02;2026-10-01
WTA;52;Grass;WTA;380;5,2891;5,2891;2025-10-02;2026-10-01
WTA;52;Grass;ALL;624;5,0005;5,0005;2025-10-02;2026-10-01
WTA;104;All;WTA;5660;4,2944;4,2944;2024-10-03;2026-10-01
WTA;104;All;ALL;10914;3,6936;3,6936;2024-10-03;2026-10-01
WTA;104;Hard;WTA;3824;4,4532;4,4532;2024-10-03;2026-10-01
WTA;104;Hard;ALL;6486;4,1264;4,1264;2024-10-03;2026-10-01
WTA;104;Clay;WTA;1162;3,3458;3,3458;2024-10-03;2026-10-01
WTA;104;Clay;ALL;3307;2,488;2,488;2024-10-03;2026-10-01
WTA;104;Grass;WTA;674;5,0288;5,0288;2024-10-03;2026-10-01
WTA;104;Grass;ALL;1086;4,7547;4,7547;2024-10-03;2026-10-01
